1837263,Stage,10x50 ft stage,1000.00
1837264,Stage,20x100 ft stage,1000.00
1837265,Stage,30x30 ft stage,1000.00
2365747,Scaffolding,,990.00
2365748,Scaffolding,,990.00
2365749,Scaffolding,,990.00
3000001,Cart,,20.00
3000002,Cart,,20.00
3000003,Cart,,20.00
3000004,Cart,,20.00
3000005,Cart,,20.00
8374637,Microphone,General,20.00
8374638,Microphone,Wireless,20.00
8374639,Microphone,Gold,200.00
9405736,TV,Small Monitor,200.00
9405737,TV,Large Monitor,200.00
9405738,TV,XL Monitor,200.00
9475634,Table,Round Table,15.00
9475635,Table,Rectangle Table,15.00
9475636,Table,Round Table,15.00
